{"Version":2,"SourceFileDate":133051333639197335,"Flags":["FL_BITMAP_COMPRESSION","FL_BITMAP_MIPMAP","FL_BITMAP_QUALITY_HIGH","FL_BITMAP_PRECOMPUTED_INV_AVG"],"InvAvgColor":[1.1053858995437622,1.8751994371414185,10.010137557983398],"HasTransp":true}